block_number,datetime_end_block,datetime_start_block,datetime_start_exp,dv,embr_temperature,language,locale,participant_id,question_original_order,questions,responses
4,191015_221644,191015_221627,191015-221148,dv01,-5,en,us,adf,q2,bicycle - motorcycle...,1
4,191015_221644,191015_221627,191015-221148,dv01,-5,en,us,adf,q3,peach - nectarine...,2
4,191015_221644,191015_221627,191015-221148,dv01,-5,en,us,adf,q1,white wine - red wine...,3
4,191015_221644,191015_221627,191015-221148,dv01,-5,en,us,adf,q5,pen - pencil...,
4,191015_221644,191015_221627,191015-221148,dv01,-5,en,us,adf,q4,broccoli - zucchini...,1
4,191015_221644,191015_221627,191015-221148,dv01,-5,en,us,adf,q0,whale - dolphin...,1
