block_number,datetime_end_block,datetime_start_block,datetime_start_exp,dv,embr_temperature,language,locale,participant_id,question_original_order,questions,responses
10,191015_221506,191015_221446,191015-221148,dv02,9,en,us,adf,q3,I feel I belong...,0
10,191015_221506,191015_221446,191015-221148,dv02,9,en,us,adf,q1,I feel rejected...,1
10,191015_221506,191015_221446,191015-221148,dv02,9,en,us,adf,q2,I feel like an outsider...,
10,191015_221506,191015_221446,191015-221148,dv02,9,en,us,adf,q0,"I feel ""disconnected""...",
10,191015_221506,191015_221446,191015-221148,dv02,9,en,us,adf,q4,I feel other people interact w...,2
