block_number,datetime_end_block,datetime_start_block,datetime_start_exp,dv,embr_temperature,language,locale,participant_id,question_original_order,questions,responses
12,191015_222021,191015_221956,191015-221148,dv03,9,en,us,adf,q6,You are a doctor. One of your ...,1
12,191015_222021,191015_221956,191015-221148,dv03,9,en,us,adf,q3,You are the leader of a small ...,
12,191015_222021,191015_221956,191015-221148,dv03,9,en,us,adf,q0,Enemy soldiers have taken over...,5
12,191015_222021,191015_221956,191015-221148,dv03,9,en,us,adf,q4,You are negotiating with a pow...,3
12,191015_222021,191015_221956,191015-221148,dv03,9,en,us,adf,q2,You are the leader of a mounta...,6
12,191015_222021,191015_221956,191015-221148,dv03,9,en,us,adf,q1,A runaway trolley is heading d...,3
12,191015_222021,191015_221956,191015-221148,dv03,9,en,us,adf,q5,You are the captain of a milit...,
