block_number,datetime_end_block,datetime_start_block,datetime_start_exp,dv,embr_temperature,language,locale,participant_id,question_original_order,questions,responses
1,191015_221807,191015_221737,191015-221148,dv04,9,en,us,adf,q6,Friends...,0
1,191015_221807,191015_221737,191015-221148,dv04,9,en,us,adf,q19,Your house...,1
1,191015_221807,191015_221737,191015-221148,dv04,9,en,us,adf,q7,Things you did...,2
1,191015_221807,191015_221737,191015-221148,dv04,9,en,us,adf,q5,Someone you loved...,3
1,191015_221807,191015_221737,191015-221148,dv04,9,en,us,adf,q18,"Church or temple, etc....",2
1,191015_221807,191015_221737,191015-221148,dv04,9,en,us,adf,q12,School...,
1,191015_221807,191015_221737,191015-221148,dv04,9,en,us,adf,q9,The way people were...,4
1,191015_221807,191015_221737,191015-221148,dv04,9,en,us,adf,q15,The way society was...,2
1,191015_221807,191015_221737,191015-221148,dv04,9,en,us,adf,q0,Family...,3
1,191015_221807,191015_221737,191015-221148,dv04,9,en,us,adf,q3,Places...,
1,191015_221807,191015_221737,191015-221148,dv04,9,en,us,adf,q16,Pet or pets...,
1,191015_221807,191015_221737,191015-221148,dv04,9,en,us,adf,q11,"TV shows, movies...",
1,191015_221807,191015_221737,191015-221148,dv04,9,en,us,adf,q10,Feelings you had...,4
1,191015_221807,191015_221737,191015-221148,dv04,9,en,us,adf,q14,Holidays...,
1,191015_221807,191015_221737,191015-221148,dv04,9,en,us,adf,q17,Not knowing sad or evil things...,
1,191015_221807,191015_221737,191015-221148,dv04,9,en,us,adf,q8,Toys...,
1,191015_221807,191015_221737,191015-221148,dv04,9,en,us,adf,q1,Heroes or heroines...,
1,191015_221807,191015_221737,191015-221148,dv04,9,en,us,adf,q2,Not having to worry...,4
1,191015_221807,191015_221737,191015-221148,dv04,9,en,us,adf,q13,Having someone to depend on...,
1,191015_221807,191015_221737,191015-221148,dv04,9,en,us,adf,q4,Music...,5
