block_number,datetime_end_block,datetime_start_block,datetime_start_exp,dv,embr_temperature,language,locale,participant_id,question_original_order,questions,responses
9,191015_221226,191015_221200,191015-221148,dv05,5,en,us,adf,q1,Familiar...,0
9,191015_221226,191015_221200,191015-221148,dv05,5,en,us,adf,q2,Warm...,1
9,191015_221226,191015_221200,191015-221148,dv05,5,en,us,adf,q7,Private...,2
9,191015_221226,191015_221200,191015-221148,dv05,5,en,us,adf,q3,Like a 'home'...,3
9,191015_221226,191015_221200,191015-221148,dv05,5,en,us,adf,q0,Safe...,
9,191015_221226,191015_221200,191015-221148,dv05,5,en,us,adf,q4,Soothing...,0
9,191015_221226,191015_221200,191015-221148,dv05,5,en,us,adf,q8,Like a quality house...,1
9,191015_221226,191015_221200,191015-221148,dv05,5,en,us,adf,q5,Relaxing...,
9,191015_221226,191015_221200,191015-221148,dv05,5,en,us,adf,q6,Comfortable...,6
