block_number,datetime_end_block,datetime_start_block,datetime_start_exp,dv,embr_temperature,images,language,locale,participant_id,questions,responses
5,191015_221611,191015_221538,191015-221148,dv06,-9,dv6_1.png,en,us,adf,How likely is it that this per...,0
5,191015_221611,191015_221538,191015-221148,dv06,-9,dv6_1.png,en,us,adf,How likely is it that this per...,1
5,191015_221611,191015_221538,191015-221148,dv06,-9,dv6_2.png,en,us,adf,How likely is it that this per...,2
5,191015_221611,191015_221538,191015-221148,dv06,-9,dv6_2.png,en,us,adf,How likely is it that this per...,3
5,191015_221611,191015_221538,191015-221148,dv06,-9,dv6_3.png,en,us,adf,How likely is it that this per...,4
5,191015_221611,191015_221538,191015-221148,dv06,-9,dv6_3.png,en,us,adf,How likely is it that this per...,5
5,191015_221611,191015_221538,191015-221148,dv06,-9,dv6_4.png,en,us,adf,How likely is it that this per...,6
5,191015_221611,191015_221538,191015-221148,dv06,-9,dv6_4.png,en,us,adf,How likely is it that this per...,6
5,191015_221611,191015_221538,191015-221148,dv06,-9,dv6_5.png,en,us,adf,How likely is it that this per...,
5,191015_221611,191015_221538,191015-221148,dv06,-9,dv6_5.png,en,us,adf,How likely is it that this per...,4
5,191015_221611,191015_221538,191015-221148,dv06,-9,dv6_6.png,en,us,adf,How likely is it that this per...,2
5,191015_221611,191015_221538,191015-221148,dv06,-9,dv6_6.png,en,us,adf,How likely is it that this per...,1
5,191015_221611,191015_221538,191015-221148,dv06,-9,dv6_7.png,en,us,adf,How likely is it that this per...,0
5,191015_221611,191015_221538,191015-221148,dv06,-9,dv6_7.png,en,us,adf,How likely is it that this per...,2
5,191015_221611,191015_221538,191015-221148,dv06,-9,dv6_8.png,en,us,adf,How likely is it that this per...,2
5,191015_221611,191015_221538,191015-221148,dv06,-9,dv6_8.png,en,us,adf,How likely is it that this per...,3
