block_number,datetime_end_block,datetime_start_block,datetime_start_exp,dv,embr_temperature,images,language,locale,participant_id,question_original_order,questions,responses
0,191015_222107,191015_222031,191015-221148,dv07,5,C:\Users\aforrence\Documents\python\embrwave_multisite\embr_survey\images\dv7_1.png,en,us,adf,W,Which object most resembles the target object to you? [Object A/Object B],0
0,191015_222107,191015_222031,191015-221148,dv07,5,C:\Users\aforrence\Documents\python\embrwave_multisite\embr_survey\images\dv7_2.png,en,us,adf,W,Which object most resembles the target object to you? [Object A/Object B],1
0,191015_222107,191015_222031,191015-221148,dv07,5,C:\Users\aforrence\Documents\python\embrwave_multisite\embr_survey\images\dv7_3.png,en,us,adf,W,Which object most resembles the target object to you? [Object A/Object B],
0,191015_222107,191015_222031,191015-221148,dv07,5,C:\Users\aforrence\Documents\python\embrwave_multisite\embr_survey\images\dv7_4.png,en,us,adf,W,Which object most resembles the target object to you? [Object A/Object B],0
0,191015_222107,191015_222031,191015-221148,dv07,5,C:\Users\aforrence\Documents\python\embrwave_multisite\embr_survey\images\dv7_5.png,en,us,adf,W,Which object most resembles the target object to you? [Object A/Object B],1
0,191015_222107,191015_222031,191015-221148,dv07,5,C:\Users\aforrence\Documents\python\embrwave_multisite\embr_survey\images\dv7_6.png,en,us,adf,W,Which object most resembles the target object to you? [Object A/Object B],0
0,191015_222107,191015_222031,191015-221148,dv07,5,C:\Users\aforrence\Documents\python\embrwave_multisite\embr_survey\images\dv7_7.png,en,us,adf,W,Which object most resembles the target object to you? [Object A/Object B],0
