block_number,brands,datetime_end_block,datetime_start_block,datetime_start_exp,dv,embr_temperature,language,locale,participant_id,questions,responses
13,NIKE,191015_221850,191015_221815,191015-221148,dv08,9,en,us,adf,This brand has good intentions...,0
13,NIKE,191015_221850,191015_221815,191015-221148,dv08,9,en,us,adf,This brand consistently acts w...,2
13,NIKE,191015_221850,191015_221815,191015-221148,dv08,9,en,us,adf,This brand is rugged....,1
13,NIKE,191015_221850,191015_221815,191015-221148,dv08,9,en,us,adf,This brand represents competen...,3
13,NIKE,191015_221850,191015_221815,191015-221148,dv08,9,en,us,adf,This brand is aggressive....,
13,NIKE,191015_221850,191015_221815,191015-221148,dv08,9,en,us,adf,This brand has good intentions...,
13,NIKE,191015_221850,191015_221815,191015-221148,dv08,9,en,us,adf,This brand consistently acts w...,3
13,ADIDAS,191015_221850,191015_221815,191015-221148,dv08,9,en,us,adf,This brand is rugged....,4
13,ADIDAS,191015_221850,191015_221815,191015-221148,dv08,9,en,us,adf,This brand represents competen...,4
13,ADIDAS,191015_221850,191015_221815,191015-221148,dv08,9,en,us,adf,This brand is aggressive....,4
13,ADIDAS,191015_221850,191015_221815,191015-221148,dv08,9,en,us,adf,This brand has good intentions...,3
13,ADIDAS,191015_221850,191015_221815,191015-221148,dv08,9,en,us,adf,This brand consistently acts w...,5
13,ADIDAS,191015_221850,191015_221815,191015-221148,dv08,9,en,us,adf,This brand is rugged....,
13,ADIDAS,191015_221850,191015_221815,191015-221148,dv08,9,en,us,adf,This brand represents competen...,4
13,REEBOK,191015_221850,191015_221815,191015-221148,dv08,9,en,us,adf,This brand is aggressive....,3
