block_number,datetime_end_block,datetime_start_block,datetime_start_exp,dv,embr_temperature,language,locale,participant_id,question_original_order,questions,responses
3,191015_221942,191015_221900,191015-221148,dv09,-9,en,us,adf,q9,How often do you feel close to...,0
3,191015_221942,191015_221900,191015-221148,dv09,-9,en,us,adf,q8,How often do you feel outgoing...,0
3,191015_221942,191015_221900,191015-221148,dv09,-9,en,us,adf,q18,How often do you feel that the...,1
3,191015_221942,191015_221900,191015-221148,dv09,-9,en,us,adf,q6,How often do you feel that you...,1
3,191015_221942,191015_221900,191015-221148,dv09,-9,en,us,adf,q0,How often do you feel that you...,2
3,191015_221942,191015_221900,191015-221148,dv09,-9,en,us,adf,q2,How often do you feel that the...,2
3,191015_221942,191015_221900,191015-221148,dv09,-9,en,us,adf,q7,How often do you feel that you...,3
3,191015_221942,191015_221900,191015-221148,dv09,-9,en,us,adf,q15,How often do you feel shy?...,3
3,191015_221942,191015_221900,191015-221148,dv09,-9,en,us,adf,q1,How often do you feel that you...,2
3,191015_221942,191015_221900,191015-221148,dv09,-9,en,us,adf,q14,How often do you feel that you...,2
3,191015_221942,191015_221900,191015-221148,dv09,-9,en,us,adf,q13,How often do you feel isolated...,1
3,191015_221942,191015_221900,191015-221148,dv09,-9,en,us,adf,q10,How often do you feel left out...,1
3,191015_221942,191015_221900,191015-221148,dv09,-9,en,us,adf,q12,How often do you feel that no ...,0
3,191015_221942,191015_221900,191015-221148,dv09,-9,en,us,adf,q3,How often do you feel alone?...,0
3,191015_221942,191015_221900,191015-221148,dv09,-9,en,us,adf,q17,How often do you feel that the...,1
3,191015_221942,191015_221900,191015-221148,dv09,-9,en,us,adf,q4,Hoe often do you feel part of ...,2
3,191015_221942,191015_221900,191015-221148,dv09,-9,en,us,adf,q16,How often do you feel that peo...,1
3,191015_221942,191015_221900,191015-221148,dv09,-9,en,us,adf,q5,How often do you feel that you...,2
3,191015_221942,191015_221900,191015-221148,dv09,-9,en,us,adf,q11,How often do you feel that you...,
