block_number,datetime_end_block,datetime_start_block,datetime_start_exp,dv,embr_temperature,language,locale,names,participant_id,questions,responses
8,191015_221401,191015_221338,191015-221148,dv11,-9,en,us,a,adf,Which picture best describes your relationship with a?,0
8,191015_221401,191015_221338,191015-221148,dv11,-9,en,us,b,adf,Which picture best describes your relationship with b?,6
8,191015_221401,191015_221338,191015-221148,dv11,-9,en,us,c,adf,Which picture best describes your relationship with c?,5
8,191015_221401,191015_221338,191015-221148,dv11,-9,en,us,d,adf,Which picture best describes your relationship with d?,1
8,191015_221401,191015_221338,191015-221148,dv11,-9,en,us,e,adf,Which picture best describes your relationship with e?,
