block_number,datetime_end_block,datetime_start_block,datetime_start_exp,dv,embr_temperature,language,locale,participant_id,question_original_order,questions,responses
2,191015_222138,191015_222115,191015-221148,dv12,-5,en,us,adf,q6,"1 = Serious, 
7 = Carefree...",0
2,191015_222138,191015_222115,191015-221148,dv12,-5,en,us,adf,q5,"1 = Unattractive, 
7 = Attract...",1
2,191015_222138,191015_222115,191015-221148,dv12,-5,en,us,adf,q8,"1 = Weak, 
7 = Strong...",2
2,191015_222138,191015_222115,191015-221148,dv12,-5,en,us,adf,q3,"1 = Anti-social, 
7 = Sociable...",3
2,191015_222138,191015_222115,191015-221148,dv12,-5,en,us,adf,q4,"1 = Selfish, 
7 = Caring...",5
2,191015_222138,191015_222115,191015-221148,dv12,-5,en,us,adf,q9,"1 = Dishonest, 
7 = Honest...",3
2,191015_222138,191015_222115,191015-221148,dv12,-5,en,us,adf,q2,"1 = Irritable, 
7 = Good-natur...",3
2,191015_222138,191015_222115,191015-221148,dv12,-5,en,us,adf,q1,"1 = Unhappy, 
7 = Happy...",
2,191015_222138,191015_222115,191015-221148,dv12,-5,en,us,adf,q0,"1 = Ungenerous, 
7 = Generous...",2
2,191015_222138,191015_222115,191015-221148,dv12,-5,en,us,adf,q7,"1 = Quiet, 
7 = Talkative...",
