block_number,datetime_end_block,datetime_start_block,datetime_start_exp,dv,embr_temperature,images,language,locale,participant_id,questions,responses
6,191015_221439,191015_221408,191015-221148,dv13,-5,dv13_batteries.png,en,us,adf,How much would you be willing ...,4.2
6,191015_221439,191015_221408,191015-221148,dv13,-5,dv13_batteries.png,en,us,adf,How much do you think pack of ...,4.35
6,191015_221439,191015_221408,191015-221148,dv13,-5,dv13_cake.png,en,us,adf,How much would you be willing ...,22.0
6,191015_221439,191015_221408,191015-221148,dv13,-5,dv13_cake.png,en,us,adf,How much do you think piece of...,13.0
