block_number,datetime_end_block,datetime_start_block,datetime_start_exp,dv,embr_temperature,language,locale,participant_id,questions,responses
11,191015_221729,191015_221652,191015-221148,dv14,-5,en,us,adf,How much would you like to wat...,1
11,191015_221729,191015_221652,191015-221148,dv14,-5,en,us,adf,How good do you think this mov...,2
11,191015_221729,191015_221652,191015-221148,dv14,-5,en,us,adf,Have you seen or heard of this...,Yes - I have heard of it
11,191015_221729,191015_221652,191015-221148,dv14,-5,en,us,adf,How much would you like to wat...,2
11,191015_221729,191015_221652,191015-221148,dv14,-5,en,us,adf,How good do you think this mov...,3
11,191015_221729,191015_221652,191015-221148,dv14,-5,en,us,adf,Have you seen or heard of this...,Yes - I have heard of it
11,191015_221729,191015_221652,191015-221148,dv14,-5,en,us,adf,How much would you like to wat...,
11,191015_221729,191015_221652,191015-221148,dv14,-5,en,us,adf,How good do you think this mov...,
11,191015_221729,191015_221652,191015-221148,dv14,-5,en,us,adf,Have you seen or heard of this...,
11,191015_221729,191015_221652,191015-221148,dv14,-5,en,us,adf,How much would you like to wat...,6
11,191015_221729,191015_221652,191015-221148,dv14,-5,en,us,adf,How good do you think this mov...,5
11,191015_221729,191015_221652,191015-221148,dv14,-5,en,us,adf,Have you seen or heard of this...,
11,191015_221729,191015_221652,191015-221148,dv14,-5,en,us,adf,How much would you like to wat...,0
11,191015_221729,191015_221652,191015-221148,dv14,-5,en,us,adf,How good do you think this mov...,2
11,191015_221729,191015_221652,191015-221148,dv14,-5,en,us,adf,Have you seen or heard of this...,Yes - I have seen it
11,191015_221729,191015_221652,191015-221148,dv14,-5,en,us,adf,How much would you like to wat...,
11,191015_221729,191015_221652,191015-221148,dv14,-5,en,us,adf,How good do you think this mov...,3
11,191015_221729,191015_221652,191015-221148,dv14,-5,en,us,adf,Have you seen or heard of this...,
